{
	"id": "tidy5e-sheet",
	"title": "Tidy5e Sheet",
	"description": "Replaces the default D&D 5e character and NPC sheet with an alternate layout focused on a cleaner UI",
	"version": "0.9.1",
	"authors": [
		{
			"name": "sednec#3813"
		},
		{
			"name": "p4535992",
			"url": "https://github.com/p4535992",
			"discord": "",
			"twitter": "",
			"patreon": "",
			"github": "p4535992",
			"ko-fi": "",
			"reddit": "",
			"email": ""
		},
		{
			"name": "Archeresky",
			"url": "https://github.com/archeresky",
			"discord": "",
			"twitter": "",
			"patreon": "",
			"github": "archeresky",
			"ko-fi": "",
			"reddit": "",
			"email": ""
		}
	],
	"esmodules": [
		"./scripts/tidy5e-sheet.js",
		"./scripts/tidy5e-npc.js",
		"./scripts/tidy5e-vehicle.js",
		"./scripts/tidy5e-item.js",
		"./scripts/app/tidy5e-exhaustion.js",
		"./scripts/app/tidy5e-lazy-money.js",
		"./scripts/app/settings.js",
		"./scripts/app/tidy5e-context-menu.js",
		"./scripts/app/tidy5e-hb-upcast-free-spell.js"
	],
	"styles": ["./css/tidy-icons.css", "./css/tidy5e.css", "./css/tidy5e-dark.css"],
	"languages": [
		{
			"lang": "en",
			"name": "English",
			"path": "lang/en.json"
		},
		{
			"lang": "es",
			"name": "Español",
			"path": "lang/es.json"
		},
		{
			"lang": "de",
			"name": "Deutsch",
			"path": "lang/de.json"
		},
		{
			"lang": "it",
			"name": "Italian",
			"path": "lang/it.json"
		},
		{
			"lang": "ja",
			"name": "日本語 (Japanese)",
			"path": "lang/ja.json"
		},
		{
			"lang": "ko",
			"name": "한국어 (Korean)",
			"path": "lang/ko.json"
		},
		{
			"lang": "pt-BR",
			"name": "Português (Brasil)",
			"path": "lang/pt-BR.json"
		},
		{
			"lang": "fr",
			"name": "Francais",
			"path": "lang/fr.json"
		},
		{
			"lang": "zh-tw",
			"name": "正體中文",
			"path": "lang/zh-tw.json"
		},
		{
			"lang": "cs",
			"name": "Čeština",
			"path": "lang/cs.json"
		},
		{
			"lang": "hu",
			"name": "Magyar",
			"path": "lang/hu.json"
		}
	],
	"compatibility": {
		"minimum": 10,
		"verified": 10,
		"maximum": 11
	},
	"manifestPlusVersion": "1.2.1",
	"url": "https://github.com/archeresky/tidy5e-sheet",
	"manifest": "https://github.com/archeresky/tidy5e-sheet/releases/latest/download/module.json",
	"download": "https://github.com/archeresky/tidy5e-sheet/releases/latest/download/module.zip",
	"readme": "https://github.com/sdenec/tidy5e-sheet/blob/master/README.md",
	"changelog": "https://github.com/sdenec/tidy5e-sheet/blob/master/changelog.md",
	"bugs": "https://github.com/sdenec/tidy5e-sheet/issues",
	"relationships": {
		"systems": [
			{
				"id": "dnd5e",
				"manifest": "https://raw.githubusercontent.com/foundryvtt/dnd5e/master/system.json",
				"compatibility": {
					"minimum": "2.1.2",
					"verified": "2.2.1"
				}
			},
			{
				"id": "sw5e",
				"type": "system"
			}
		],
		"requires": [],
		"conflicts": [
			{
				"id": "spell-level-buttons-for-dnd5e",
				"reason": "Redundancy of features you can disable 'Spell Level Buttons for DnD 5e' module if you want"
			},
			{
				"id": "lazymoney",
				"reason": "Redundancy of features you can disable 'Lazy Money' module if you want"
			},
			{
				"id": "spell-class-filter-for-5e",
				"reason": "Redundancy of features you can disable 'Multiclass Spellbook Filter'"
			}
		]
	}
}
